idBonCommandeSortie,Client,Destinataire,codeDestinataire,Transporteur,numeroCommande,dateCommande,source
BC-2844,GROUPE ETHIQUE ET SANTE,SARL Catherine NIVET Centre RNPC,z13,GEODIS CALBERSON,2844,02/05/2019,groupe_ethique_et_sante
BC-2845,GROUPE ETHIQUE ET SANTE,SARL CMBM,z69,GEODIS CALBERSON,2845,02/05/2019,groupe_ethique_et_sante
BC-2846,GROUPE ETHIQUE ET SANTE,SARL SOLAL - Centre RNPC,z42,GEODIS CALBERSON,2846,06/05/2019,groupe_ethique_et_sante
BC-2847,GROUPE ETHIQUE ET SANTE,SASU JE MANGE EN LEADER,z99,GEODIS CALBERSON,2847,06/05/2019,groupe_ethique_et_sante
BC-2848,GROUPE ETHIQUE ET SANTE,SAS MARCIA,z83,GEODIS CALBERSON,2848,06/05/2019,groupe_ethique_et_sante
BC-2849,GROUPE ETHIQUE ET SANTE,SARL BICG - Centre RNPC,z41,GEODIS CALBERSON,2849,06/05/2019,groupe_ethique_et_sante
BC-2850,GROUPE ETHIQUE ET SANTE,SARL MABOTINE-Centre RNPC,z39,GEODIS CALBERSON,2850,06/05/2019,groupe_ethique_et_sante
BC-2851,GROUPE ETHIQUE ET SANTE,ARLES PROFIL SANTE,z74,GEODIS CALBERSON,2851,06/05/2019,groupe_ethique_et_sante
BC-2852,GROUPE ETHIQUE ET SANTE,SARL D.C.M,z10,GEODIS CALBERSON,2852,06/05/2019,groupe_ethique_et_sante
BC-2853,GROUPE ETHIQUE ET SANTE,OVALIE SANTE,z96,GEODIS CALBERSON,2853,06/05/2019,groupe_ethique_et_sante
BC-2854,GROUPE ETHIQUE ET SANTE,SAS JC Noelys Nutrition,z102,GEODIS CALBERSON,2854,07/05/2019,groupe_ethique_et_sante
BC-2855,GROUPE ETHIQUE ET SANTE,SASU JULINE SANTE,z106,GEODIS CALBERSON,2855,07/05/2019,groupe_ethique_et_sante
BC-2856,GROUPE ETHIQUE ET SANTE,SARL CB - Centre RNPC,z63,GEODIS CALBERSON,2856,07/05/2019,groupe_ethique_et_sante
BC-2857,GROUPE ETHIQUE ET SANTE,MPB DIET SAS,z107,GEODIS CALBERSON,2857,07/05/2019,groupe_ethique_et_sante
BC-2858,GROUPE ETHIQUE ET SANTE,SASU FICHOT,z81,GEODIS CALBERSON,2858,07/05/2019,groupe_ethique_et_sante
BC-2859,GROUPE ETHIQUE ET SANTE,LTS,z97,GEODIS CALBERSON,2859,07/05/2019,groupe_ethique_et_sante
BC-2860,GROUPE ETHIQUE ET SANTE,SARL PRONAT - Centre RNPC,z48,GEODIS CALBERSON,2860,08/05/2019,groupe_ethique_et_sante
BC-2861,GROUPE ETHIQUE ET SANTE,SASU CODIET,z78,GEODIS CALBERSON,2861,09/05/2019,groupe_ethique_et_sante
BC-2862,GROUPE ETHIQUE ET SANTE,SASU GARNIER,z49,GEODIS CALBERSON,2862,09/05/2019,groupe_ethique_et_sante
BC-2863,GROUPE ETHIQUE ET SANTE,EURL SETHICA,z38,GEODIS CALBERSON,2863,09/05/2019,groupe_ethique_et_sante
BC-2864,GROUPE ETHIQUE ET SANTE,SARL DOMBALL,z62,GEODIS CALBERSON,2864,09/05/2019,groupe_ethique_et_sante
BC-2865,GROUPE ETHIQUE ET SANTE,SASU CHAMPIGNY,z101,GEODIS CALBERSON,2865,09/05/2019,groupe_ethique_et_sante
BC-2866,GROUPE ETHIQUE ET SANTE,SASU VP FORMES ET SANTE,z54,GEODIS CALBERSON,2866,09/05/2019,groupe_ethique_et_sante
BC-2867,GROUPE ETHIQUE ET SANTE,SASU ODY C FORME Centre RNPC,z53,GEODIS CALBERSON,2867,09/05/2019,groupe_ethique_et_sante
BC-2868,GROUPE ETHIQUE ET SANTE,SASU JUVIE,z77,GEODIS CALBERSON,2868,09/05/2019,groupe_ethique_et_sante
BC-2869,GROUPE ETHIQUE ET SANTE,SARL NIETO,z56,GEODIS CALBERSON,2869,09/05/2019,groupe_ethique_et_sante
BC-2870,GROUPE ETHIQUE ET SANTE,SARL ARHD 1 - Centre RNPC,z17,GEODIS CALBERSON,2870,09/05/2019,groupe_ethique_et_sante
BC-2871,GROUPE ETHIQUE ET SANTE,A PRO DIET - Centre RNPC,z75,GEODIS CALBERSON,2871,09/05/2019,groupe_ethique_et_sante
BC-2872,GROUPE ETHIQUE ET SANTE,SARL IMC 22,z89,GEODIS CALBERSON,2872,09/05/2019,groupe_ethique_et_sante
BC-2873,GROUPE ETHIQUE ET SANTE,SASU LE HAVRE REEDUCATION NUTRITIONNELLE,z92,GEODIS CALBERSON,2873,10/05/2019,groupe_ethique_et_sante
BC-2874,GROUPE ETHIQUE ET SANTE,EURL BRUNETTA VILLENEUVE,z71,GEODIS CALBERSON,2874,10/05/2019,groupe_ethique_et_sante
BC-2875,GROUPE ETHIQUE ET SANTE,MAJY- Centre RNPC,z66,GEODIS CALBERSON,2875,10/05/2019,groupe_ethique_et_sante
BC-2876,GROUPE ETHIQUE ET SANTE,SARL ID R3M,z95,GEODIS CALBERSON,2876,10/05/2019,groupe_ethique_et_sante
BC-2877,GROUPE ETHIQUE ET SANTE,DMA DIET,z109,GEODIS CALBERSON,2877,10/05/2019,groupe_ethique_et_sante
BC-2878,GROUPE ETHIQUE ET SANTE,EURL JUPIDA - Centre RNPC,z43,GEODIS CALBERSON,2878,10/05/2019,groupe_ethique_et_sante
BC-2879,GROUPE ETHIQUE ET SANTE,SARL PEBEYRE L - Centre RNPC,z21,GEODIS CALBERSON,2879,10/05/2019,groupe_ethique_et_sante
BC-2880,GROUPE ETHIQUE ET SANTE,SASU PRASTER,z57,GEODIS CALBERSON,2880,12/05/2019,groupe_ethique_et_sante
BC-2881,GROUPE ETHIQUE ET SANTE,RNPC ANNECY,z80,GEODIS CALBERSON,2881,13/05/2019,groupe_ethique_et_sante
BC-2882,GROUPE ETHIQUE ET SANTE,SARL LA RUEDA  Centre RNPC,z16,GEODIS CALBERSON,2882,13/05/2019,groupe_ethique_et_sante
BC-2883,GROUPE ETHIQUE ET SANTE,SASU PFR2,z103,GEODIS CALBERSON,2883,13/05/2019,groupe_ethique_et_sante
BC-2884,GROUPE ETHIQUE ET SANTE,LA FORME ET LES FORMES,z100,GEODIS CALBERSON,2884,13/05/2019,groupe_ethique_et_sante
BC-2885,GROUPE ETHIQUE ET SANTE,SASU GOLAJ2A,z82,GEODIS CALBERSON,2885,13/05/2019,groupe_ethique_et_sante
BC-2886,GROUPE ETHIQUE ET SANTE,SASU THB1,z105,GEODIS CALBERSON,2886,13/05/2019,groupe_ethique_et_sante
BC-2887,GROUPE ETHIQUE ET SANTE,EURL MAIGRI&#039; TECH,z87,GEODIS CALBERSON,2887,13/05/2019,groupe_ethique_et_sante
BC-2888,GROUPE ETHIQUE ET SANTE,EURL S.3.C. - Centre RNPC,z29,GEODIS CALBERSON,2888,13/05/2019,groupe_ethique_et_sante
BC-2889,GROUPE ETHIQUE ET SANTE,SAS VK EVENT,z91,GEODIS CALBERSON,2889,13/05/2019,groupe_ethique_et_sante
BC-2890,GROUPE ETHIQUE ET SANTE,SASU LISTOM,z79,GEODIS CALBERSON,2890,14/05/2019,groupe_ethique_et_sante
BC-2891,GROUPE ETHIQUE ET SANTE,C2L,z98,GEODIS CALBERSON,2891,14/05/2019,groupe_ethique_et_sante
BC-2892,GROUPE ETHIQUE ET SANTE,POL SAINE &amp; SOFT,z73,GEODIS CALBERSON,2892,14/05/2019,groupe_ethique_et_sante
BC-2893,GROUPE ETHIQUE ET SANTE,EURL LEOJEFF HYERES,z104,GEODIS CALBERSON,2893,14/05/2019,groupe_ethique_et_sante
BC-2894,GROUPE ETHIQUE ET SANTE,EURL LEOJEFF - Centre RNPC,z65,GEODIS CALBERSON,2894,14/05/2019,groupe_ethique_et_sante
BC-2895,GROUPE ETHIQUE ET SANTE,SAS SIMAR ESTEREL,z90,GEODIS CALBERSON,2895,14/05/2019,groupe_ethique_et_sante
BC-2896,GROUPE ETHIQUE ET SANTE,SARL Karine DELSERIES - Centre RNPC,z46,GEODIS CALBERSON,2896,14/05/2019,groupe_ethique_et_sante
BC-2897,GROUPE ETHIQUE ET SANTE,SARL QUALIDIET,z72,GEODIS CALBERSON,2897,14/05/2019,groupe_ethique_et_sante
BC-2898,GROUPE ETHIQUE ET SANTE,SASU PFR1,z84,GEODIS CALBERSON,2898,14/05/2019,groupe_ethique_et_sante
BC-2899,GROUPE ETHIQUE ET SANTE,SAS EPDL VOIRON,z76,GEODIS CALBERSON,2899,14/05/2019,groupe_ethique_et_sante
BC-2900,GROUPE ETHIQUE ET SANTE,SASU EPDL-Centre RNPC,z52,GEODIS CALBERSON,2900,14/05/2019,groupe_ethique_et_sante
BC-2901,GROUPE ETHIQUE ET SANTE,EURL OD1 - Centre RNPC,z44,GEODIS CALBERSON,2901,14/05/2019,groupe_ethique_et_sante
BC-2902,GROUPE ETHIQUE ET SANTE,DS SANTE,z108,GEODIS CALBERSON,2902,14/05/2019,groupe_ethique_et_sante
BC-2903,GROUPE ETHIQUE ET SANTE,EURL EK,z70,GEODIS CALBERSON,2903,14/05/2019,groupe_ethique_et_sante
BC-2904,GROUPE ETHIQUE ET SANTE,SARL ID R2N - Centre RNPC,z55,GEODIS CALBERSON,2904,14/05/2019,groupe_ethique_et_sante
BC-2905,GROUPE ETHIQUE ET SANTE,EURL SOLEIL,z86,GEODIS CALBERSON,2905,14/05/2019,groupe_ethique_et_sante
BC-2906,GROUPE ETHIQUE ET SANTE,SARL B&#039; DIET SANTE,z67,GEODIS CALBERSON,2906,14/05/2019,groupe_ethique_et_sante
BC-2907,GROUPE ETHIQUE ET SANTE,F n B associ√©s,z110,GEODIS CALBERSON,2907,15/05/2019,groupe_ethique_et_sante
BC-2908,GROUPE ETHIQUE ET SANTE,SASU Nutri Diet-Ethique,z47,GEODIS CALBERSON,2908,15/05/2019,groupe_ethique_et_sante
